<?xml version="1.0" encoding="UTF-8"?>
<!-- <!DOCTYPE tiles-definitions PUBLIC "-//Apache Software Foundation//DTD 
	Tiles Configuration 1.1//EN" "http://jakarta.apache.org/struts/dtds/tiles-config_1_1.dtd"> -->
<!DOCTYPE tiles-definitions PUBLIC
"-//Apache Software Foundation//DTD Tiles Configuration 3.0//EN"
"tiles-config_3_0.dtd">

<tiles-definitions>
	<!-- overall layout definitions -->


	<definition name="page.base" template="/layout/layout.jsp">
		<put-attribute name="header"
			value="/layout/tiles/header.jsp" />
		<put-attribute name="header2"
			value="/layout/tiles/header2.jsp" />
		<put-attribute name="body" value="" />
		<put-attribute name="footer"
			value="/layout/tiles/footer.jsp" />
	</definition>
	<definition name="vcrpage.base"
		template="/layout/vcrlayout.jsp">
		<put-attribute name="header"
			value="/layout/tiles/header.jsp" />
		<put-attribute name="header2"
			value="/layout/tiles/header2.jsp" />
		<put-attribute name="body" value="" />
		<put-attribute name="vcr" value="/layout/tiles/vcr.jsp" />
		<put-attribute name="footer"
			value="/layout/tiles/footer.jsp" />
	</definition>
	<definition name="sideMenu.base"
		template="/layout/menuLayout.jsp">
		<put-attribute name="header"
			value="/layout/tiles/header.jsp" />
		<put-attribute name="sideMenu"
			value="/layout/tiles/sideMenu.jsp" />
		<put-attribute name="body" value="" />
		<put-attribute name="footer"
			value="/layout/tiles/footer.jsp" />
	</definition>
	<definition name="popupPage.base"
		template="/layout/popupLayout.jsp">
		<put-attribute name="popupHeader"
			value="/layout/tiles/popupHeader.jsp" />
		<put-attribute name="body" value="" />
	</definition>

	<!-- Home page definition -->
	<definition name="homePageDef" extends="sideMenu.base">
		<put-attribute name="pageID" value="0" type="string" />
		<put-attribute name="body" value="/views/home.jsp" />
	</definition>


	<!-- Admin Menu -->
	<definition name="adminMenu.def" extends="page.base">
		<put-attribute name="pageID" value="3" type="string" />
		<put-attribute name="body" value="/views/adminMenu.jsp" />
	</definition>
	<!-- Admin user search -->
	<definition name="adminUserSearch.def" extends="page.base">
		<put-attribute name="pageID" value="3-7" type="string" />
		<put-attribute name="body"
			value="/views/adminUserSearch.jsp" />
	</definition>
	<!-- Admin search RESULT -->

	<definition name="submitSuccess.def" extends="page.base">
		<put-attribute name="pageID" value="3-12" type="string" />
		<put-attribute name="body"
			value="/views/importChargebacksSuccess.jsp" />
	</definition>

	<definition name="adminSearchResult.def"
		extends="vcrpage.base">
		<put-attribute name="pageID" value="3-10" type="string" />
		<put-attribute name="body"
			value="/views/adminSearchResults.jsp" />
		<put-attribute name="vcrActionForm"
			value="chargebackAdminForm" type="string" />
		<put-attribute name="vcrActionName"
			value="chargebackAdmin" type="string" />
	</definition>
	<!-- Admin search RESULT -->
	<definition name="adminDetails.def" extends="page.base">
		<put-attribute name="pageID" value="3-11" type="string" />
		<put-attribute name="body"
			value="/views/adminDetails.jsp" />
	</definition>

	<definition name="byChargebackAudit.def" extends="page.base">
		<put-attribute name="pageID" value="3-3" type="string" />
		<put-attribute name="body"
			value="/views/chargebackAudit.jsp" />
	</definition>


	<!-- User Search -->
	<definition name="userSearch.def" extends="page.base">
		<put-attribute name="pageID" value="7" type="string" />
		<put-attribute name="body" value="/views/userSearch.jsp" />
	</definition>

	<!-- Users List -->
	<definition name="users.def" extends="vcrpage.base">
		<put-attribute name="body"
			value="/views/userSearchResults.jsp" />
		<put-attribute name="pageID" value="7-1-1" type="string" />
		<put-attribute name="vcrActionForm"
			value="userSearchForm" type="string" />
		<put-attribute name="vcrActionName"
			value="userSearchResults" type="string" />
	</definition>

	<!-- Create User -->
	<definition name="createUser.def" extends="page.base">
		<put-attribute name="pageID" value="7-1-2" type="string" />
		<put-attribute name="body"
			value="/views/createNewUser.jsp" />
	</definition>

	<!-- Location Selector for manager -->
	<definition name="cbkManagerLocationSelector.def"
		extends="popupPage.base">
		<put-attribute name="body"
			value="/views/cbkManagerLocationSelector.jsp" />
		<put-attribute name="pageID" value="1-14" type="string" />
	</definition>


	<!-- Edit User -->
	<definition name="editUser.def" extends="page.base">
		<put-attribute name="pageID" value="7-1-3" type="string" />
		<put-attribute name="body" value="/views/editUser.jsp" />
	</definition>


	<!-- Vendor selector definition -->
	<definition name="vendorselector.def"
		extends="popupPage.base">
		<put-attribute name="body"
			value="/views/vendorSelector.jsp" />
		<put-attribute name="pageID" value="1-1" type="string" />
	</definition>

	<!-- locaton selector definition -->
	<definition name="chargebackLocationSelector.def"
		extends="popupPage.base">
		<put-attribute name="body"
			value="/views/chargebackLocationSelector.jsp" />
		<put-attribute name="pageID" value="1-2" type="string" />
	</definition>

	<!-- Originator selector definition -->
	<definition name="originatorselector.def"
		extends="popupPage.base">
		<put-attribute name="body"
			value="/views/originatorSelector.jsp" />
		<put-attribute name="pageID" value="1-3" type="string" />
	</definition>

	<!-- Approver selector definition -->
	<definition name="approverselector.def"
		extends="popupPage.base">
		<put-attribute name="body"
			value="/views/approverSelector.jsp" />
		<put-attribute name="pageID" value="1-4" type="string" />
	</definition>

	<!-- Approver Reason definition -->
	<definition name="cbkApproverReason.def"
		extends="popupPage.base">
		<put-attribute name="body"
			value="/views/cbkApproverReason.jsp" />
		<put-attribute name="pageID" value="1-11" type="string" />
	</definition>

	<definition name="chargeback.search.def" extends="page.base"
		preparer="com.unfi.cbk.tiles.controller.PageBodyController">
		<put-attribute name="body"
			value="/views/chargebackSearch.jsp" />
		<put-attribute name="pageID" value="1" type="string" />
	</definition>

	<definition name="chargeback.print.def"
		template="/views/chargebackDetailPrint.jsp">
	</definition>

	<!-- Approver selector definition -->
	<definition name="cbkApproverselector.def"
		extends="popupPage.base">
		<put-attribute name="body"
			value="/views/cbkApproverSelector.jsp" />
		<put-attribute name="pageID" value="1-10" type="string" />
	</definition>




<!-- Create Approver selector definition -->
	<definition name="cbkCreateApproverselector.def"
		extends="popupPage.base">
		<put-attribute name="body"
			value="/views/cbkCreateApproverSelector.jsp" />
		<put-attribute name="pageID" value="1-15" type="string" />
	</definition>
	
	<!-- Import Mass Approver selector definition -->
	<definition name="cbkImportMassApproverselector.def"
		extends="popupPage.base">
		<put-attribute name="body"
			value="/views/cbkImportMassSelector.jsp" />
		<put-attribute name="pageID" value="1-16" type="string" />
	</definition>
	

	<definition name="chargeback.search.page"
		template="/layout/multi.jsp">
		<put-list-attribute name="definitions">
			<add-attribute value="chargeback.search.def" />
		</put-list-attribute>
	</definition>



	<definition name="chargeback.results.def"
		extends="vcrpage.base">
		<put-attribute name="body"
			value="/views/chargebackSearchResults.jsp" />
		<put-attribute name="pageID" value="1-5" type="string" />
		<put-attribute name="vcrActionForm"
			value="chargebackSearchForm" type="string" />
		<put-attribute name="vcrActionName"
			value="getChargebackResults" type="string" />
	</definition>

	<definition name="chargeback.details.def"
		extends="page.base">
		<put-attribute name="body"
			value="/views/chargebackDetail.jsp" />
		<put-attribute name="pageID" value="1-6" type="string" />
		<put-attribute name="vcrActionForm"
			value="chargebackUpdateForm" type="string" />
		<put-attribute name="vcrActionName"
			value="getChargebackDetails" type="string" />
	</definition>




	<definition name="chargeback.massAppSearch.page"
		template="/layout/multi.jsp">
		<put-list-attribute name="definitions">
			<add-attribute value="chargeback.massAppSearch.def" />
		</put-list-attribute>
	</definition>

	<definition name="massApprovals.search.def"
		extends="page.base"
		preparer="com.unfi.cbk.tiles.controller.PageBodyController">
		<put-attribute name="body"
			value="/views/massApprovalsSearch.jsp" />
		<put-attribute name="pageID" value="2" type="string" />
	</definition>

	<definition name="massApprovals.result.def"
		extends="page.base">
		<put-attribute name="body"
			value="/views/massApprovalResults.jsp" />
		<put-attribute name="pageID" value="2-1" type="string" />
		<!-- <put-attribute name="vcrActionForm" value="MassApprovalsForm" type="string" 
			/> <put-attribute name="vcrActionName" value="massApprovalsSearch" type="string" 
			/> -->
	</definition>






	<definition name="availableChargeback.results.def"
		extends="vcrpage.base">
		<put-attribute name="body"
			value="/views/availableChargebacks.jsp" />
		<put-attribute name="pageID" value="1-7" type="string" />
		<put-attribute name="vcrActionForm"
			value="chargebackSearchForm" type="string" />
		<put-attribute name="vcrActionName"
			value="newChargebackSearch" type="string" />
	</definition>

	<definition name="chargeback.create.def" extends="page.base"
		preparer="com.unfi.cbk.tiles.controller.PageBodyController">
		<put-attribute name="pageID" value="1-8" type="string" />
		<put-attribute name="body"
			value="/views/chargebackCreate.jsp" />
	</definition>

	<definition name="chargeback.update.def" extends="page.base"
		preparer="com.unfi.cbk.tiles.controller.PageBodyController">
		<put-attribute name="pageID" value="1-9" type="string" />
		<put-attribute name="body"
			value="/views/chargebackUpdate.jsp" />
	</definition>



	<definition name="openChargebacks.results.def"
		extends="vcrpage.base">
		<put-attribute name="body"
			value="/views/openChargebacks.jsp" />
		<put-attribute name="pageID" value="3-1" type="string" />
		<put-attribute name="vcrActionForm"
			value="OpenChargebacksForm" type="string" />
		<put-attribute name="vcrActionName"
			value="openChargeback" type="string" />
	</definition>



	<definition name="importChargebacks.results.def"
		extends="page.base">
		<put-attribute name="body"
			value="/views/importChargebacks.jsp" />
		<put-attribute name="pageID" value="3-6" type="string" />
		<put-attribute name="vcrActionForm"
			value="ImportChargebacksForm" type="string" />
		<put-attribute name="vcrActionName"
			value="importChargeback" type="string" />
	</definition>
	<definition name="importfileselector.def"
		extends="popupPage.base">
		<put-attribute name="body"
			value="/views/importChargebacksFileSelector.jsp" />
		<put-attribute name="pageID" value="3-8" type="string" />
	</definition>
	<definition name="importChargebacksApprover.def"
		extends="page.base">
		<put-attribute name="body"
			value="/views/importChargebacksApprover.jsp" />
		<put-attribute name="pageID" value="3-9" type="string" />
		<put-attribute name="vcrActionForm"
			value="ImportChargebacksForm" type="string" />
		<put-attribute name="vcrActionName"
			value="submitChargeback" type="string" />
	</definition>

	<!-- user selector definition -->
	<definition name="userIDSelector.def"
		extends="popupPage.base">
		<put-attribute name="body"
			value="/views/userIDSelector.jsp" />
		<put-attribute name="pageID" value="7-2" type="string" />
	</definition>

	<definition name="byRoleUser.def" extends="page.base">
		<put-attribute name="pageID" value="6-2" type="string" />
		<put-attribute name="body"
			value="/views/byRoleUserResults.jsp" />
	</definition>

	<definition name="byRoleId.def" extends="page.base">
		<put-attribute name="pageID" value="6-3" type="string" />
		<put-attribute name="body"
			value="/views/byRoleIdResults.jsp" />
	</definition>

	<definition name="byLocation.def" extends="page.base">
		<put-attribute name="pageID" value="6-4" type="string" />
		<put-attribute name="body"
			value="/views/byLocationResults.jsp" />
	</definition>

	<!-- chargebackManagerModule -->
	<definition name="managerMenu.def" extends="page.base">
		<put-attribute name="pageID" value="5" type="string" />
		<put-attribute name="body"
			value="/views/chargebackManagerHome.jsp" />
	</definition>

	<definition name="auditLog.search.def" extends="page.base">
		<put-attribute name="pageID" value="5-1" type="string" />
		<put-attribute name="body"
			value="/views/auditLogSearch.jsp" />
	</definition>

	<definition name="workWithChargebackSearch.def"
		extends="page.base">
		<put-attribute name="pageID" value="5-2" type="string" />
		<put-attribute name="body"
			value="/views/workWithChargebackSearch.jsp" />
	</definition>

	<definition name="workWithChargebackResults.def"
		extends="vcrpage.base">
		<put-attribute name="pageID" value="5-2-1" type="string" />
		<put-attribute name="body"
			value="/views/workWithChargebackResults.jsp" />
		<put-attribute name="vcrActionForm"
			value="chargebackManagerForm" type="string" />
		<put-attribute name="vcrActionName"
			value="workWithChargebackResults?action=chargeResults" type="string" />
	</definition>

	<definition name="cancelSelected.def"
		extends="popupPage.base">
		<put-attribute name="pageID" value="5-2-2" type="string" />
		<put-attribute name="body"
			value="/views/cancelConfirmation.jsp" />
	</definition>
	<definition name="chargeRoles.def" extends="page.base">
		<put-attribute name="pageID" value="5-3" type="string" />
		<put-attribute name="body"
			value="/views/chargebackRoles.jsp" />
	</definition>


	<definition name="cbkLocation.search.def"
		extends="page.base">
		<put-attribute name="pageID" value="5-8" type="string" />
		<put-attribute name="body"
			value="/views/chargebackLocations.jsp" />
	</definition>
	<definition name="createLocation.def" extends="page.base">
		<put-attribute name="pageID" value="5-8-1" type="string" />
		<put-attribute name="body"
			value="/views/createLocation.jsp" />
	</definition>
	<definition name="editLocation.def" extends="page.base">
		<put-attribute name="pageID" value="5-8-2" type="string" />
		<put-attribute name="body"
			value="/views/editLocation.jsp" />
	</definition>


	<!-- Product Code -->
	<definition name="productGroup.def" extends="page.base">
		<put-attribute name="pageID" value="5-4" type="string" />
		<put-attribute name="body"
			value="/views/productGroupMaint.jsp" />
	</definition>

	<definition name="createProduct.def" extends="page.base">
		<put-attribute name="pageID" value="5-4-1" type="string" />
		<put-attribute name="body"
			value="/views/createProduct.jsp" />
	</definition>

	<definition name="editProduct.def" extends="page.base">
		<put-attribute name="pageID" value="5-4-2" type="string" />
		<put-attribute name="body"
			value="/views/editProductCode.jsp" />
	</definition>

	<definition name="deleteProduct.def" extends="page.base">
		<put-attribute name="pageID" value="5-4-3" type="string" />
		<put-attribute name="body"
			value="/views/productDeleteConfirm.jsp" />
	</definition>


	<!-- Excluded Vendor -->
	<definition name="exclVendor.def" extends="page.base">
		<put-attribute name="pageID" value="5-5" type="string" />
		<put-attribute name="body"
			value="/views/excludedVendorMaint.jsp" />
	</definition>

	<definition name="createVendor.def" extends="page.base">
		<put-attribute name="pageID" value="5-5-1" type="string" />
		<put-attribute name="body"
			value="/views/excludedVendorCreate.jsp" />
	</definition>
	<definition name="editVendor.def" extends="page.base">
		<put-attribute name="pageID" value="5-5-2" type="string" />
		<put-attribute name="body"
			value="/views/excludedVendorEdit.jsp" />
	</definition>
	<definition name="deleteVendor.def" extends="page.base">
		<put-attribute name="pageID" value="5-5-3" type="string" />
		<put-attribute name="body"
			value="/views/vendorDeleteConfirm.jsp" />
	</definition>

	<!-- Route Name -->
	<definition name="routePage.def" extends="page.base">
		<put-attribute name="pageID" value="5-6" type="string" />
		<put-attribute name="body"
			value="/views/routeNameMaint.jsp" />
	</definition>

	<definition name="createRoutePage.def" extends="page.base">
		<put-attribute name="pageID" value="5-6-1" type="string" />
		<put-attribute name="body"
			value="/views/routeCreate.jsp" />
	</definition>

	<definition name="editRoute.def" extends="page.base">
		<put-attribute name="pageID" value="5-6-2" type="string" />
		<put-attribute name="body" value="/views/routeEdit.jsp" />
	</definition>

	<definition name="deleteRoute.def" extends="page.base">
		<put-attribute name="pageID" value="5-6-3" type="string" />
		<put-attribute name="body"
			value="/views/routeDeleteConfirm.jsp" />
	</definition>






	<!-- ReasonCodeMaitenance -->
	<definition name="cbkReasonSearch.def" extends="page.base">
		<put-attribute name="pageID" value="5-7" type="string" />
		<put-attribute name="body"
			value="/views/reasonCodeMaintenanceResults.jsp" />
	</definition>
	<definition name="createReason.def" extends="page.base">
		<put-attribute name="pageID" value="5-7-1" type="string" />
		<put-attribute name="body"
			value="/views/createReason.jsp" />
	</definition>
	<definition name="editReason.def" extends="page.base">
		<put-attribute name="pageID" value="5-7-2" type="string" />
		<put-attribute name="body" value="/views/editReason.jsp" />
	</definition>
	<!-- CbkAuthorizationByType -->
	<definition name="cbkByType.def" extends="page.base">
		<put-attribute name="pageID" value="5-10" type="string" />
		<put-attribute name="body"
			value="/views/cbkByTypeResults.jsp" />
	</definition>
	<definition name="createByType.def" extends="page.base">
		<put-attribute name="pageID" value="5-10-1"
			type="string" />
		<put-attribute name="body"
			value="/views/createAuthorizationByType.jsp" />
	</definition>
	<definition name="editType.def" extends="page.base">
		<put-attribute name="pageID" value="5-10-2"
			type="string" />
		<put-attribute name="body" value="/views/editByType.jsp" />
	</definition>
	<!-- CbkAuthorizationRole -->
	<definition name="searchCbkRole.def" extends="page.base">
		<put-attribute name="pageID" value="5-11" type="string" />
		<put-attribute name="body"
			value="/views/searchCbkRole.jsp" />
	</definition>
	<definition name="createByRole.def" extends="page.base">
		<put-attribute name="pageID" value="5-11-1"
			type="string" />
		<put-attribute name="body"
			value="/views/createAuthorizationByRole.jsp" />
	</definition>
	<definition name="editByRoel.def" extends="page.base">
		<put-attribute name="pageID" value="5-11-2"
			type="string" />
		<put-attribute name="body"
			value="/views/editAuthorizationByRoles.jsp" />
	</definition>
	<definition name="chargebackDef.def" extends="page.base">
		<put-attribute name="pageID" value="5-12" type="string" />
		<put-attribute name="body"
			value="/views/chargebackDefinition.jsp" />
	</definition>

	<!-- Approval Routing Maintenance -->
	<definition name="routeAppr.def" extends="page.base">
		<put-attribute name="pageID" value="5-13" type="string" />
		<put-attribute name="body"
			value="/views/approverRouteMaint.jsp" />
	</definition>

	<definition name="createRoutingAppr.def" extends="page.base">
		<put-attribute name="pageID" value="5-13-1"
			type="string" />
		<put-attribute name="body"
			value="/views/createRoutingAppr.jsp" />
	</definition>

	<definition name="editRoutingAppr.def" extends="page.base">
		<put-attribute name="pageID" value="5-13-2"
			type="string" />
		<put-attribute name="body"
			value="/views/editRoutingAppr.jsp" />
	</definition>


	<definition name="managerUserSearch.def" extends="page.base">
		<put-attribute name="pageID" value="5-14" type="string" />
		<put-attribute name="body"
			value="/views/managerUserSearch.jsp" />
	</definition>

	<definition name="managerUsers.def" extends="vcrpage.base">
		<put-attribute name="body"
			value="/views/managerSearchResults.jsp" />
		<put-attribute name="pageID" value="5-14-1"
			type="string" />
		<put-attribute name="vcrActionForm"
			value="chargebackManagerForm" type="string" />
		<put-attribute name="vcrActionName"
			value="managerSearchResults" type="string" />
	</definition>

	<definition name="managerUserDetails.def"
		extends="page.base">
		<put-attribute name="pageID" value="5-14-2"
			type="string" />
		<put-attribute name="body"
			value="/views/managerUserDetails.jsp" />
	</definition>
	
	
	
	<definition name="workWithCbkDetails.def"
		extends="page.base">
		<put-attribute name="pageID" value="5-2-3"
			type="string" />
		<put-attribute name="body"
			value="/views/workWithChargebackDetails.jsp" />
	</definition>

	<!-- chargebackExportModule -->
	<definition name="exportMenu.def" extends="page.base">
		<put-attribute name="pageID" value="4" type="string" />
		<put-attribute name="body"
			value="/views/chargebackExportHome.jsp" />
	</definition>

	<definition name="byAuditLog.def" extends="page.base">
		<put-attribute name="pageID" value="4-1" type="string" />
		<put-attribute name="body"
			value="/views/chargebackExportAudit.jsp" />
	</definition>


	<!-- Preview Export RESULT -->
	<definition name="previewExportResult.def"
		extends="page.base">
		<put-attribute name="pageID" value="4-2" type="string" />
		<put-attribute name="body"
			value="/views/previewExportResults.jsp" />
	</definition>


	<!-- Update Due Date RESULT -->
	<definition name="updateDueDateResults.def"
		extends="page.base">
		<put-attribute name="pageID" value="4-3" type="string" />
		<put-attribute name="body"
			value="/views/updateDueDateResults.jsp" />
	</definition>

	<definition name="agedChargebackReport.search.def"
		extends="vcrpage.base">
		<put-attribute name="pageID" value="4-4" type="string" />
		<put-attribute name="body"
			value="/views/agedChargeback.jsp" />
		<put-attribute name="vcrActionForm"
			value="chargebackExportForm" type="string" />
		<put-attribute name="vcrActionName"
			value="agedChargebackExportReport" type="string" />
	</definition>


	<!-- ParentSearch Selector definition -->
	<definition name="parentSearchSelector.def"
		extends="popupPage.base">
		<put-attribute name="body"
			value="/views/parentSearchSelector.jsp" />
		<put-attribute name="pageID" value="1-13" type="string" />
	</definition>

	<!-- CHARGEBACK INTERFACE DEFINITION -->
	<definition name="confirm.def" extends="popupPage.base">
		<put-attribute name="body"
			value="/views/fundsManagementConfirm.jsp" />
		<put-attribute name="pageID" value="11" type="string" />
	</definition>
	
	<definition name="success.def" extends="popupPage.base">
		<put-attribute name="body"
			value="/views/fundsManagementSuccess.jsp" />
		<put-attribute name="pageID" value="11" type="string" />
	</definition>
	


	<!-- ChargebackReport -->
	<definition name="byChargeReport.def" extends="page.base">
		<put-attribute name="pageID" value="6" type="string" />
		<put-attribute name="body"
			value="/views/chargebackReport.jsp" />
	</definition>

	<!-- Error definitions -->
	<definition name="error.def" extends="page.base">
		<put-attribute name="body" value="/views/errorPage.jsp" />
		<put-attribute name="pageID" value="000" type="string" />
	</definition>
	<definition name="error.plain.def"
		template="/views/errorPagePlain.jsp">
	</definition>
	<definition name="error.display.def" extends="page.base">
		<put-attribute name="body"
			value="/views/errorDisplay.jsp" />
		<put-attribute name="pageID" value="000" type="string" />
	</definition>




</tiles-definitions>
	
	