<?xml version="1.0" encoding="UTF-8"?>
<!DOCTYPE sqlMap PUBLIC "-//ibatis.apache.org//DTD SQL Map 2.0//EN" "sql-map-2.dtd">

<sqlMap namespace="AdminData">


	<!-- Aliases for Java primitive wrapper objects -->
	<typeAlias alias="Integer" type="java.lang.Integer" />
	<typeAlias alias="String" type="java.lang.String" />
	<typeAlias alias="Map" type="java.util.Map" />

	<!-- Aliases for business objects -->
	<typeAlias alias="AdminBO" type="com.unfi.cbk.bo.AdminBO" />
	<typeAlias type="com.unfi.cbk.bo.CreateNewUserBO"
		alias="CreateNewUserBO" />

	<typeAlias alias="AdminResultsBO"
		type="com.unfi.cbk.bo.AdminResultsBO" />


	<typeAlias alias="BalanceAccrualBO"
		type="com.unfi.cbk.bo.BalanceAccrualBO" />


	<typeAlias alias="PlAccrualsBO"
		type="com.unfi.cbk.bo.PlAccrualsBO" />

	<!-- For AdminDetails -->
	<!-- Aliases for business objects -->
	<typeAlias alias="ChargebackBO"
		type="com.unfi.cbk.bo.ChargebackBO" />

	<!-- Aliases for CreateNewUserBO -->
	<typeAlias alias="CreateNewUserBO"
		type="com.unfi.cbk.bo.CreateNewUserBO" />

	<typeAlias alias="ChargebackManagerBO"
		type="com.unfi.cbk.bo.ChargebackManagerBO" />

	<!-- Audit Details -->
	<resultMap id="typeAmount-results" class="AdminResultsBO">
		<result property="typeName" column="typeName" />
		<result property="exportedAmount" column="exportedAmount" />
	</resultMap>
	
	


	

	<!-- CbkLocations Details -->
	<resultMap id="getCbkLocations-Results"
		class="ChargebackManagerBO">
		<result property="locationNumber" column="locationNumber" />
		<result property="locationName" column="locationName" />
		<result property="parentName" column="parentName" />
		<!-- <result property="parentNumber" column="parentNumber" /> -->
		<result property="stateCode" column="stateCode" />
	</resultMap>
	<resultMap id="locationDetails-result"
		class="ChargebackManagerBO">
		<result property="locationNumber" column="locationNumber" />
		<result property="parentNumber" column="parentNumber" />
		<result property="stateCode" column="stateCode" />
	</resultMap>
	<resultMap id="exportId-results" class="AdminResultsBO">
		<result property="exportedId" column="exportedId" />
	</resultMap>

	<resultMap id="reasonCode-result" class="ChargebackManagerBO">
		<result property="chargebackReason" column="chargebackReason" />
		<result property="accountNumber" column="accountNumber" />
		<result property="eDICode" column="eDICode" />
		<result property="balanceSheet" column="balanceSheet" />
		<result property="active" column="active" />
	</resultMap>
	<resultMap id="getAllTypes-result"
		class="ChargebackManagerBO">
		<result property="typeId" column="typeId" />
		<result property="typeName" column="typeName" />
	</resultMap>
	<resultMap id="role-results" class="ChargebackManagerBO">
		<result property="roleId" column="roleId" />
		<result property="role" column="role" />
	</resultMap>
	<resultMap id="AuthTypeDetails-result"
		class="ChargebackManagerBO">
		<result property="roleId" column="roleId" />
		<result property="role" column="role" />
		<result property="maxAmount" column="maxAmount" />
	</resultMap>

	<resultMap id="getEditType-result"
		class="ChargebackManagerBO">
		<result property="roleId" column="roleId" />
		<result property="role" column="role" />
		<result property="maxAmount" column="maxAmount" />
		<result property="typeId" column="typeId" />
	</resultMap>


	<resultMap id="reasonDetails-result"
		class="ChargebackManagerBO">
		<result property="chargebackReason" column="chargebackReason" />
		<result property="accountNumber" column="accountNumber" />
		<result property="eDICode" column="eDICode" />
		<result property="balanceSheet" column="balanceSheet" />
		<result property="active" column="active" />
	</resultMap>
	<resultMap id="roles-result" class="ChargebackBO">
		<result property="roleId" column="roleId" />
		<result property="role" column="role" />
	</resultMap>

	<resultMap id="locations-result" class="ChargebackBO">
		<result property="locationNumber" column="locationNumber" />
		<result property="locationName" column="locationName" />
	</resultMap>

	<resultMap id="userDetails-result" class="CreateNewUserBO">
		<result property="userId" column="userId" />
		<result property="userName" column="userName" />
		<result property="useremailId" column="useremailId" />
		<result property="status" column="status" />
	</resultMap>

	<!-- userRolesLocations-result -->
	<resultMap id="userRolesLocations-result"
		class="CreateNewUserBO">
		<result property="distRoles" column="roleId" />
		<result property="distLocNumber" column="locationNumber" />
	</resultMap>

	<resultMap id="locationValidator-result" class="ChargebackBO">
		<result property="locationNumber" column="locationNumber" />
	</resultMap>


	<resultMap id="getRolesByUserForMenu-result" class="String">
		<result property="defForm" column="defForm" />
	</resultMap>

	<!-- Result mappings -->

	<resultMap id="balanceAccrual-results"
		class="BalanceAccrualBO">

		<result property="invoiceNumber" column="INVOICE_NUMBER" />
		<result property="invoiceDate" column="INVOICE_DATE" />
		<result property="vendorNumber" column="VENDOR_NUMBER" />
		<result property="companyCode" column="COMPANY_CODE" />
		<result property="locationNumber" column="LOCATION_NUMBER" />
		<result property="rName" column="R_NAME" />
		<result property="creatorId" column="CREATOR_ID" />
		<result property="typeDescr" column="TYPE_DESCRIPTION" />
		<result property="ledgerType" column="LEDGERTYPE" />
		<result property="location" column="LOC" />
		<result property="accUnit" column="ACCTUNIT" />
		<result property="dist" column="DISTACCT" />
		<result property="amount" column="AMOUNT" />
	</resultMap>


	<resultMap id="getAccurals-results" class="PlAccrualsBO">
		<result property="invoiceNumber" column="INVOICE_NUMBER" />
		<result property="invoiceDate" column="INVOICE_DATE" />
		<result property="vendorNumber" column="VENDOR_NUMBER" />
		<result property="companyCode" column="COMPANY_CODE" />
		<result property="locationNumber" column="LOCATION_NUMBER" />
		<result property="rName" column="R_NAME" />
		<result property="creatorId" column="CREATOR_ID" />
		<result property="typeDescription" column="TYPE_DESCRIPTION" />
		<result property="legerType" column="LEDGERTYPE" />
		<result property="loc" column="LOC" />
		<result property="account" column="ACCTUNIT" />
		<result property="distAccount" column="DISTACCT" />
		<result property="amount" column="AMOUNT" />
	</resultMap>




	<resultMap id="getRolesByUserForMenu-result"
		class="CreateNewUserBO">
		<result column="defForm" property="defForm" />
		<result column="roleId" property="roleId" />
	</resultMap>
	<resultMap id="admin-result" class="ChargebackBO">

		<result property="locationNumber" column="locationNumber" />
		<result property="invoiceDate" column="invoiceDate" />
		<result property="vendorId" column="vendorId" />
		<result property="invoiceNumber" column="invoiceNumber" />
		<result property="originator" column="originator" />
		<result property="approver" column="approver" />
		<result property="netAmount" column="netAmount" />

		<!-- <result property="type" column="type"/> -->
	</resultMap>

	<!-- Cache models -->
	<cacheModel id="count-cache" type="LRU">
		<flushInterval minutes="10" />
		<property name="size" value="100" />
	</cacheModel>

	<!-- Result mappings -->
	<resultMap id="adminResults-results" class="AdminResultsBO">
		<result property="userName" column="userName" />
		<result property="userId" column="userId" />
		<result property="emailId" column="emailId" />
		<result property="statusSelected" column="statusSelected" />

	</resultMap>

	<!-- Audit Details -->
	<resultMap id="typeAmount-results" class="AdminResultsBO">
		<result property="typeName" column="typeName" />
		<result property="exportedAmount" column="exportedAmount" />

	</resultMap>
	
	

	<resultMap id="roles-result" class="ChargebackBO">
		<result property="roleId" column="roleId" />
		<result property="role" column="role" />
	</resultMap>

	<resultMap id="locations-result" class="ChargebackBO">
		<result property="locationNumber" column="locationNumber" />
		<result property="locationName" column="locationName" />
	</resultMap>

	<resultMap id="userDetails-result" class="CreateNewUserBO">
		<result property="userId" column="userId" />
		<result property="userName" column="userName" />
		<result property="useremailId" column="useremailId" />
		<result property="status" column="status" />
	</resultMap>

	<!-- userRolesLocations-result -->
	<resultMap id="userRolesLocations-result"
		class="CreateNewUserBO">
		<result property="distRoles" column="roleId" />
		<result property="distLocNumber" column="locationNumber" />
	</resultMap>

	<resultMap id="locationValidator-result" class="ChargebackBO">
		<result property="locationNumber" column="locationNumber" />
	</resultMap>

	<!-- SQL -->



	<sql id="query_adminResultsList">

		select distinct(A.APPROVER_ID) userId,A.APPROVER_NAME userName,
		A.APPROVER_EMAIL emailId, A.APPROVER_STATUS statusSelected, rownum as
		row_count
		FROM ${db.schema.name}.CBK_APPROVER A,
		${db.schema.name}.CBK_APPROVER_ROLES ar,${db.schema.name}.CBK_ROLES cr
		WHERE A.APPROVER_ID =ar.APPROVER_ID AND ar.ROLE_ID=cr.ROLE_ID

		<isNotEmpty property="locationNumber" prepend="AND">
			ar.LOCATION_NUMBER = #locationNumber#

		</isNotEmpty>
		<isNotEmpty property="roleSelected" prepend="AND">
			cr.ROLE_DESC =
			#roleSelected#
		</isNotEmpty>
		<isNotEmpty property="userId" prepend="AND">
			A.APPROVER_ID =
			#userId#
		</isNotEmpty>
		<isNotEmpty property="statusSelected" prepend="AND">
			A.APPROVER_STATUS = #statusSelected#

		</isNotEmpty>
	</sql>

	<select id="adminResults" parameterClass="Map"
		resultMap="adminResults-results">
		<include refid="IncludesOracle.stratOf_rowLimit" />
		<include refid="query_adminResultsList" />
		<isNotEmpty property="sortBy">
			ORDER BY $sortBy$ $sortOrder$
		</isNotEmpty>
		<include refid="IncludesOracle.endOf_rowLimit" />
	</select>
	<select id="adminResultsCount" parameterClass="Map"
		resultClass="Integer" cacheModel="count-cache">
		<include refid="IncludesOracle.count_start" />
		<include refid="query_adminResultsList" />
		<include refid="IncludesOracle.count_end" />
	</select>

	<!-- AuditDetails -->

	<select id="getTypeAmount" parameterClass="Map"
		resultMap="typeAmount-results">

		SELECT TYPE_DESCRIPTION typeName, SUM(EXPORTED_AMOUNT * DECODE(CREDIT,
		-1, -1, 1)) As exportedAmount
		FROM ${db.schema.name}.CBK_CHARGEBACK A, ${db.schema.name}.CBK_AUDIT B, ${db.schema.name}.CBK_Type C, (SELECT
		DISTINCT LOCATION_NUMBER
		FROM ${db.schema.name}.CBK_APPROVER_ROLES WHERE APPROVER_ID = #exportedId#) D
		WHERE A.INVOICE_NUMBER = B.INVOICE_NUMBER AND A.LOCATION_NUMBER =
		B.LOCATION_NUMBER AND
		A.TYPE_ID = C.TYPE_ID AND
		SUBSTR(A.LOCATION_NUMBER, 1, 2) = D.LOCATION_NUMBER
		
		<isNotEmpty property="locationNumber">
			AND A.LOCATION_NUMBER
			LIKE #locationNumber#
		</isNotEmpty>
		<isNotEmpty property="date">
			AND TRUNC(EXPORTED_DATE) LIKE
			TO_DATE(#date#,'dd-MON-yy')
		</isNotEmpty>

		Group BY TYPE_DESCRIPTION, A.TYPE_ID,TRUNC(EXPORTED_DATE)
	</select>

<select id="getExportId" parameterClass="Map"
		 resultMap="exportId-results">
		
		SELECT DISTINCT EXPORTER_ID exportedId FROM ${db.schema.name}.cbk_audit where TRUNC(EXPORTED_DATE) = #date#
		
		</select>

	<select id="getRoles" resultMap="roles-result">
		SELECT c.ROLE_ID roleId,
		c.ROLE_DESC role
		FROM
		${db.schema.name}.CBK_ROLES c WHERE c.ROLE_ID &lt;
		89
	</select>
	<select id="getLocations" resultMap="locations-result">
		SELECT DISTINCT v.r_name
		locationName, LTRIM(l.location_number)
		locationNumber
		FROM
		${db.schema.name}.APPROCLEV_V v, ${db.schema.name}.CBK_LOC_REGION l
		WHERE v.PROC_LEVEL=l.LOCATION_NUMBER ORDER BY locationName ASC
	</select>


	<select id="getUserDetails" parameterClass="Map"
		resultMap="userDetails-result">
		SELECT a.APPROVER_ID userId, a.APPROVER_NAME userName,
		a.APPROVER_EMAIL useremailId,a.APPROVER_STATUS status FROM
		${db.schema.name}.CBK_APPROVER a
		WHERE
		<isNotEmpty property="userId">
			a.approver_id LIKE #userId#
		</isNotEmpty>
	</select>

	<select id="getUserRolesLocations" parameterClass="Map"
		resultMap="userRolesLocations-result">
		SELECT c.ROLE_ID roleId, c.LOCATION_NUMBER locationNumber
		FROM
		${db.schema.name}.CBK_APPROVER_ROLES C
		WHERE
		<isNotEmpty property="userId">
			C.approver_id LIKE #userId#
		</isNotEmpty>
	</select>

	<sql id="query_getChargebacksList">
		SELECT LTRIM(A.location_number) locationNumber,
		LTRIM(A.INVOICE_NUMBER) invoiceNumber, A.Invoice_Date invoiceDate,
		A.Vendor_Number vendorId,
		A.CREATOR_ID originator, A.NEXT_APPROVER_ID
		approver, B.Item_Price netAmount,
		rownum as row_count FROM
		${db.schema.name}.CBK_CHARGEBACK A,
		${db.schema.name}.CBK_ITEM B
		WHERE
		B.INVOICE_NUMBER = A.INVOICE_NUMBER AND B.LOCATION_NUMBER =
		A.LOCATION_NUMBER
		<dynamic>
			<isNotEmpty property="locationNumber" prepend="AND">
				LTRIM(A.LOCATION_NUMBER) LIKE #locationNumber#
			</isNotEmpty>
			<isNotEmpty property="vendorId" prepend="AND">
				LTRIM(A.VENDOR_NUMBER) LIKE #vendorId#
			</isNotEmpty>
			<isNotEmpty property="originator" prepend="AND">
				LTRIM(A.CREATOR_ID) LIKE #originator#
			</isNotEmpty>
			<isNotEmpty property="approver" prepend="AND">
				LTRIM(A.NEXT_APPROVER_ID) LIKE #approver#
			</isNotEmpty>
			<isNotEmpty property="amountFrom">
				<isNotEmpty property="amountTo" prepend="AND">
					B.Item_Price
					BETWEEN #amountFrom# AND #amountTo#
				</isNotEmpty>
			</isNotEmpty>
			<isNotEmpty property="invoiceFrom">
				<isNotEmpty property="invoiceTo" prepend="AND">
					A.INVOICE_NUMBER BETWEEN #invoiceFrom# AND #invoiceTo#
				</isNotEmpty>
			</isNotEmpty>
			<isNotEmpty property="type" prepend="AND">
				LTRIM(A.TYPE_ID) LIKE
				#type#
			</isNotEmpty>
			<isEqual property="cancelled" compareValue="true"
				prepend="AND">
				A.CANCELLED IS NOT NULL
			</isEqual>
			<isEqual property="active" compareValue="true" prepend="AND">
				A.CANCELLED IS null
			</isEqual>
			<isEqual property="final" compareValue="true" prepend="AND">
				A.EXPORTED IS NOT NULL
			</isEqual>
			<isEqual property="notFinal" compareValue="true"
				prepend="AND">
				A.EXPORTED IS null
			</isEqual>
			<isNotEmpty property="fromDate" prepend="AND">
				A.Invoice_Date
				BETWEEN TO_DATE(#fromDate#,'MM/DD/YYYY') and
				TO_DATE(#toDate#,'MM/DD/YYYY')+ (1-1/24/60/60)
			</isNotEmpty>
		</dynamic>

		<!-- Group BY A.INVOICE_NUMBER, A.LOCATION_NUMBER, A.Invoice_Date, A.Vendor_Number, 
			C.APPROVER_NAME, D.APPROVER_NAME, B.Item_Price -->
		<!-- Order BY A.INVOICE_NUMBER, A.LOCATION_NUMBER -->

	</sql>

	<sql id="query_getAvailableChargebacksList">

		SELECT distinct K.INVOICE_NUMBER invoiceNumber,K.INVOICE_DATE
		invoiceDate,K.NEXT_APPROVER_ID approver, K.LOCATION_NUMBER
		locationNumber,
		K.Route_ID routeId, VENDOR_NUMBER vendorId, CREATOR_ID
		originator, Total
		netAmount, Type_ID typeId, J.ROLE_ID roleId,
		I.STEP_NUMBER stepNumber,
		rownum as row_count
		FROM
		${db.schema.name}.CBK_ROUTING I, ${db.schema.name}.CBK_APPROVER_ROLES
		J,
		(SELECT H.INVOICE_NUMBER,H.INVOICE_DATE,H.NEXT_APPROVER_ID,
		H.LOCATION_NUMBER, MIN(STEP_NUMBER) As NextStep, CREATOR_ID,
		VENDOR_NUMBER, H.ROUTE_ID, Total, TYPE_ID FROM
		${db.schema.name}.CBK_ROUTING G,
		(SELECT MAX(STEP_NUMBER) AS LastStep,
		INVOICE_NUMBER, Location_Number FROM
		${db.schema.name}.CBK_APPROVALS
		Group BY INVOICE_NUMBER,
		LOCATION_NUMBER) D,
		(SELECT A.INVOICE_NUMBER,
		A.INVOICE_DATE,A.NEXT_APPROVER_ID,A.LOCATION_NUMBER, ROUTE_ID,
		CREATOR_ID, VENDOR_NUMBER, A.TYPE_ID,
		SUM(NVL(Item_Quantity, 0) *
		NVL(Item_Price, 0)) As Total
		FROM ${db.schema.name}.CBK_CHARGEBACK A,
		${db.schema.name}.CBK_ITEM B,
		${db.schema.name}.CBK_TYPE C WHERE
		(B.INVOICE_NUMBER =
		A.INVOICE_NUMBER AND B.LOCATION_NUMBER =
		A.LOCATION_NUMBER)
		AND A.TYPE_ID = C.TYPE_ID AND NEXT_APPROVER_ID IS
		NOT NULL AND
		NVL(EXPORTED, 0) = 0 And NVL(CANCELLED, 0) = 0
		Group BY
		A.INVOICE_NUMBER,A.INVOICE_DATE,A.NEXT_APPROVER_ID,
		A.LOCATION_NUMBER,
		ROUTE_ID, VENDOR_NUMBER, CREATOR_ID, A.TYPE_ID) H
		WHERE
		(D.INVOICE_NUMBER (+) = H.INVOICE_NUMBER AND D.LOCATION_NUMBER
		(+) =
		H.LOCATION_NUMBER) AND G.ROUTE_ID = H.ROUTE_ID
		AND G.STEP_NUMBER >
		NVL(D.LastStep,0)
		Group BY
		H.INVOICE_NUMBER,H.INVOICE_DATE,H.NEXT_APPROVER_ID,
		H.LOCATION_NUMBER,
		CREATOR_ID, H.ROUTE_ID, VENDOR_NUMBER, Total,
		TYPE_ID) K
		WHERE
		I.STEP_NUMBER = K.NextStep AND I.ROLE_ID = J.ROLE_ID AND
		J.LOCATION_NUMBER = SUBSTR(K.LOCATION_NUMBER, 1,2) AND I.ROUTE_ID =
		K.ROUTE_ID
		AND (K.NEXT_APPROVER_ID = #userId# OR CREATOR_ID = #userId#)
		AND
		K.NEXT_APPROVER_ID NOT LIKE '%No further approvals%'
		<!-- UNION SELECT DISTINCT A.INVOICE_NUMBER, A.INVOICE_DATE,A.NEXT_APPROVER_ID,A.LOCATION_NUMBER, 
			ROUTE_ID, VENDOR_NUMBER,CREATOR_ID originator, Total AS Amount, F.TYPE_ID,D.ROLE_ID,10 
			as STEP_NUMBER, rownum as row_count FROM (SELECT * FROM ${db.schema.name}.CBK_CHARGEBACK 
			WHERE NVL(EXPORTED,0)= 0 AND NVL(CANCELLED,0) = 0 AND NEXT_APPROVER_ID IS 
			NOT NULL AND TYPE_ID = 2) A, (SELECT INVOICE_NUMBER, LOCATION_NUMBER FROM 
			${db.schema.name}.CBK_APPROVALS WHERE STEP_NUMBER =10) C, (SELECT INVOICE_NUMBER, 
			LOCATION_NUMBER FROM ${db.schema.name}.CBK_APPROVALS WHERE STEP_NUMBER > 
			10 ) E, ${db.schema.name}.CBK_APPROVER_ROLES D, ${db.schema.name}.CBK_TYPE 
			F, (SELECT SUM(NVL(ITEM_QUANTITY,0) * NVL(ITEM_PRICE,0)) AS TOTAL, INVOICE_NUMBER, 
			LOCATION_NUMBER FROM ${db.schema.name}.CBK_ITEM GROUP BY INVOICE_NUMBER, 
			LOCATION_NUMBER) G WHERE A.TYPE_ID = F.TYPE_ID AND A.INVOICE_NUMBER = E.INVOICE_NUMBER 
			AND A.LOCATION_NUMBER = E.LOCATION_NUMBER AND A.INVOICE_NUMBER = G.INVOICE_NUMBER 
			AND A.LOCATION_NUMBER = G.LOCATION_NUMBER AND A.INVOICE_NUMBER = C.INVOICE_NUMBER 
			(+) AND A.LOCATION_NUMBER = C.LOCATION_NUMBER (+) AND C.INVOICE_NUMBER IS 
			NULL AND SUBSTR(A.LOCATION_NUMBER,1,2) = D.LOCATION_NUMBER -->

	</sql>

	<select id="getChargebacks" parameterClass="Map"
		resultMap="admin-result">
		<include refid="IncludesOracle.stratOf_rowLimit" />
		<include refid="query_getChargebacksList" />
		<isNotEmpty property="sortBy">
			ORDER BY $sortBy$ $sortOrder$
		</isNotEmpty>
		<include refid="IncludesOracle.endOf_rowLimit" />
	</select>
	<select id="getChargebacksCount" parameterClass="Map"
		resultClass="Integer" cacheModel="count-cache">
		<include refid="IncludesOracle.count_start" />
		<include refid="query_getChargebacksList" />
		<include refid="IncludesOracle.count_end" />
	</select>

	<select id="getAvailableChargebacks" parameterClass="Map"
		resultMap="admin-result">
		<include refid="IncludesOracle.stratOf_rowLimit" />
		<include refid="query_getAvailableChargebacksList" />
		<isNotEmpty property="sortBy">
			ORDER BY $sortBy$ $sortOrder$
		</isNotEmpty>
		<include refid="IncludesOracle.endOf_rowLimit" />
	</select>
	<select id="getAvailableChargebacksCount" parameterClass="Map"
		resultClass="Integer" cacheModel="count-cache">
		<include refid="IncludesOracle.count_start" />
		<include refid="query_getAvailableChargebacksList" />
		<include refid="IncludesOracle.count_end" />
	</select>



	<select id="getRolesByUserForMenuAccess"
		resultMap="getRolesByUserForMenu-result">
		SELECT distinct (role.ROLE_DESC) defForm , role.role_Id
		roleId
		FROM ${db.schema.name}.CBK_APPROVER_ROLES aproles,
		${db.schema.name}.CBK_ROLES role
		WHERE aproles.role_Id = role.role_Id
		and aproles.ROLE_ID &gt; 89
	</select>
	<insert id="insertChargeback" parameterClass="ChargebackBO">
		INSERT INTO
		${db.schema.name}.CBK_CHARGEBACK
		(INVOICE_NUMBER,LOCATION_NUMBER,DUE_DATE,INVOICE_DATE,VENDOR_INVOICE,VENDOR_NUMBER,ATTACHMENT,TYPE_ID,CREATOR_ID,BARCODE,SHORT_DESC,EXPORTED,
		CANCELLED,NEXT_APPROVER_ID,INTERNET_INSTRUCTION,REASON_CODE,IN_PROCESS,REFERENCE_NUMBER,PRODUCT_GROUP_CODE)
		values(#invoiceNumber#, #locationNumber#,#dueDate#, #invoiceDate#,
		#vendorInvoice#,#vendorId#,#attachment#,#typeId#,#creatorId#,
		#barCode#,#shortDesc#,#exported#,#cancelled#,#approver#,#interInstr#,#reasonCode#,#inProcess#,#referenceNumber#,#prdGrpCode#)
	</insert>


	<insert id="insertCbkDistribution" parameterClass="ChargebackBO">
		INSERT INTO
		${db.schema.name}.CBK_DISTRIBUTION
		(INVOICE_NUMBER,LOCATION_NUMBER,COMPANY_CODE,ACCOUNT_NUMBER,DISTRIBUTION_AMOUNT,DIST_LOC_NUMBER,PRODUCT_GROUP)
		values(#invoiceNumber#, #locationNumber#,#companyCode#,
		#accountNumber#, #distributionAmt#,#distLocNumber#,#productGrp#)
	</insert>
	<insert id="insertCbkItem" parameterClass="ChargebackBO">
		INSERT INTO
		${db.schema.name}.CBK_ITEM
		(INVOICE_NUMBER,LOCATION_NUMBER,LINE_NUMBER,ITEM_NUMBER,ITEM_PACK,ITEM_SIZE,ITEM_DESCRIPTION,ITEM_UPC,ITEM_SLOT,ITEM_QUANTITY,ITEM_PRICE,PRODUCT_CODE,DC_NUMBER,
		REGION,DIVISION,SUBFUND)
		values(#invoiceNumber#,
		#locationNumber#,#lineNumber#, #itemNumber#,
		#itemPack#,#itemSize#,#itemDesc#,#itemUpc#,#itemSlot#,
		#itemQuantity#,#itemPrice#,#productCode#,#dcNumber#,#region#,#division#,#subFund#)
	</insert>

	<insert id="crateAttachment" parameterClass="ChargebackBO">
		INSERT INTO
		${db.schema.name}.CBK_ATTACHMENTS
		(INVOICE_NUMBER,LOCATION_NUMBER,ATTACHMENT_NAME,ATTACHMENT_DATE,ATTACHMENT,FILE_DATA)
		values(#invoiceNumber#,#locationNumber#,#filename#,#attachmentDate#,#attachmentType#,#attachmentFile#)
	</insert>

	<select id="balanceAccrual" parameterClass="Map"
		resultMap="balanceAccrual-results">
		SELECT A.* FROM (SELECT CBK_DISTRIBUTION.INVOICE_NUMBER,
		INVOICE_DATE,
		VENDOR_NUMBER, COMPANY_CODE,
		CBK_CHARGEBACK.LOCATION_NUMBER, R_NAME, CREATOR_ID, TYPE_DESCRIPTION,
		Case When Substr(PRODUCT_GROUP,1,1) ='9' THEN 'Balance Sheet' ELSE
		'PL'
		END AS LedgerType,
		Substr(CBK_CHARGEBACK.LOCATION_NUMBER,1,2) As
		Loc,
		Case When Company_Code='999' And Dist_Loc_Number In
		('099921','099922')
		And Product_Group Between '020' And '089' THEN
		DIST_LOC_Number || PRODUCT_GROUP || SUBSTR(ACCOUNT_NUMBER,1,3) Else
		'0' ||
		DIST_LOC_NUMBER || PRODUCT_GROUP END As AcctUnit,
		Case When
		Company_Code ='999' And Dist_Loc_Number In ('099921','099922')
		And
		Product_Group Between '020' And '089' THEN ' ' ||
		SUBSTR(Account_Number,4,3)
		Else Account_Number END AS DistAcct,
		DISTRIBUTION_AMOUNT * DECODE(Credit,-1,-1,1) AS Amount FROM
		${db.schema.name}.CBK_CHARGEBACK,
		${db.schema.name}.CBK_DISTRIBUTION,
		${db.schema.name}.CBK_TYPE,
		${db.schema.name}.APPROCLEV_V WHERE
		CBK_CHARGEBACK.INVOICE_NUMBER =
		CBK_DISTRIBUTION.INVOICE_NUMBER
		AND
		CBK_CHARGEBACK.LOCATION_NUMBER =
		CBK_DISTRIBUTION.LOCATION_NUMBER
		AND
		CBK_CHARGEBACK.TYPE_ID =
		CBK_TYPE.TYPE_ID AND
		CBK_CHARGEBACK.LOCATION_NUMBER =
		APPROCLEV_V.PROC_LEVEL AND
		NVL(EXPORTED,0) = 0
		AND NVL(CANCELLED,0) = 0
		AND NEXT_APPROVER_ID IS NOT
		NULL ) A, (SELECT
		DISTINCT LOCATION_NUMBER
		FROM
		${db.schema.name}.CBK_APPROVER_ROLES WHERE
		APPROVER_ID =#userId#)
		B
		WHERE
		A.Loc = B.Location_Number

	</select>

	<select id="getAccruals" parameterClass="Map"
		resultMap="getAccurals-results">
		SELECT A.* FROM (SELECT CBK_DISTRIBUTION.INVOICE_NUMBER,
		INVOICE_DATE,
		VENDOR_NUMBER, COMPANY_CODE,
		CBK_CHARGEBACK.LOCATION_NUMBER, R_NAME, CREATOR_ID, TYPE_DESCRIPTION,
		Case When Substr(PRODUCT_GROUP,1,1) ='9' THEN 'Balance Sheet' ELSE
		'PL'
		END AS LedgerType,
		Substr(CBK_CHARGEBACK.LOCATION_NUMBER,1,2) As
		Loc,
		Case When Company_Code='999' And Dist_Loc_Number In
		('099921','099922')
		And Product_Group Between '020' And '089' THEN
		DIST_LOC_Number ||
		PRODUCT_GROUP || SUBSTR(ACCOUNT_NUMBER,1,3) Else '0'
		||
		DIST_LOC_NUMBER || PRODUCT_GROUP END As AcctUnit, Case When
		Company_Code ='999' And Dist_Loc_Number In ('099921','099922') And
		Product_Group Between '020' And '089' THEN ' ' ||
		SUBSTR(Account_Number,4,3) Else Account_Number END AS DistAcct,
		DISTRIBUTION_AMOUNT * DECODE(Credit,-1,-1,1) AS Amount FROM
		${db.schema.name}.CBK_CHARGEBACK, ${db.schema.name}.CBK_DISTRIBUTION,
		${db.schema.name}.CBK_TYPE, ${db.schema.name}.APPROCLEV_V WHERE
		CBK_CHARGEBACK.INVOICE_NUMBER = CBK_DISTRIBUTION.INVOICE_NUMBER AND
		CBK_CHARGEBACK.LOCATION_NUMBER = CBK_DISTRIBUTION.LOCATION_NUMBER AND
		CBK_CHARGEBACK.TYPE_ID = CBK_TYPE.TYPE_ID AND
		CBK_CHARGEBACK.LOCATION_NUMBER = APPROCLEV_V.PROC_LEVEL AND
		NVL(EXPORTED,0) = 0 AND NVL(CANCELLED,0) = 0 AND NEXT_APPROVER_ID IS
		NOT NULL ) A, (SELECT DISTINCT LOCATION_NUMBER FROM
		${db.schema.name}.CBK_APPROVER_ROLES WHERE APPROVER_ID =#userId#)
		B
		WHERE A.Loc =
		B.Location_Number
	</select>

	

	<select id="getCbkLocations" parameterClass="Map"
		resultMap="getCbkLocations-Results">
		<!-- SELECT DISTINCT l.LOCATION_NUMBER locationNumber,v.r_name locationName,v.r_name 
			parentName,state_code stateCode FROM ${db.schema.name}.CBK_LOC_REGION l,${db.schema.name}.APPROCLEV_V 
			v WHERE v.PROC_LEVEL=l.LOCATION_NUMBER and lc.LOCATION_NUMBER = #locationNumber# -->

		SELECT DISTINCT Trim(av.R_NAME) locationname,TRIM(lc.location_number)
		locationNumber,
		Trim(cv.R_NAME) parentName,Trim(lc.region_number)
		parentNumber,state_code stateCode
		FROM ${db.schema.name}.APPROCLEV
		av,${db.schema.name}.APPROCLEV cv, ${db.schema.name}.CBK_LOC_REGION lc
		where av.PROC_LEVEL = lc.location_number and cv.PROC_LEVEL
		=lc.region_number AND
		lc.LOCATION_NUMBER =#locationNumber#
	</select>

	<insert id="saveLocation" parameterClass="Map">
		INSERT INTO
		${db.schema.name}.CBK_LOC_REGION
		(LOCATION_NUMBER, REGION_NUMBER,
		STATE_CODE)
		VALUES (#locationNumber#,#parentNumber#,#stateCode#)
	</insert>

	<insert id="saveCreateLocation" parameterClass="Map">
		INSERT INTO
		${db.schema.name}.CBK_LOC_REGION
		(LOCATION_NUMBER, REGION_NUMBER,
		STATE_CODE)
		VALUES (#locationNumber#,#parentNumber#,#stateCode#)
	</insert>

	<update id="updateLocation" parameterClass="Map">
		UPDATE
		${db.schema.name}.CBK_LOC_REGION SET REGION_NUMBER =#parentNumber#,
		STATE_CODE =#stateCode#
		WHERE LOCATION_NUMBER =#locationNumber#
	</update>

	<delete id="deleteLocDetails" parameterClass="Map">
		DELETE FROM
		${db.schema.name}.CBK_LOC_REGION WHERE
		LOCATION_NUMBER=#locationNumber#
	</delete>

	<select id="getLocationDetails" parameterClass="Map"
		resultMap="locationDetails-result">
		SELECT a.LOCATION_NUMBER locationNumber, a.REGION_NUMBER parentNumber,
		a.STATE_CODE stateCode FROM
		${db.schema.name}.CBK_LOC_REGION a
		WHERE
		<isNotEmpty property="locationNumber">
			a.LOCATION_NUMBER LIKE
			#locationNumber#
		</isNotEmpty>
	</select>

	<!-- getReasonCodes -->
	<select id="getReasonCodes" resultMap="reasonCode-result">
		SELECT a.REASON_CODE
		chargebackReason,a.ACCOUNT_NUMBER
		accountNumber,a.EDI_CODE eDICode,
		a.OVERRIDE_PRODUCT balanceSheet,a.INACTIVE active from
		${db.schema.name}.CBK_reasons a
	</select>

	<insert id="saveCreateReason" parameterClass="Map">
		INSERT INTO
		${db.schema.name}.CBK_REASONS
		(REASON_CODE, ACCOUNT_NUMBER,
		EDI_CODE,OVERRIDE_PRODUCT,INACTIVE)
		VALUES
		(#chargebackReason#,#accountNumber#,#eDICode#,#balanceSheet#,#active#)
	</insert>
	<update id="updateReason" parameterClass="Map">
		UPDATE
		${db.schema.name}.CBK_REASONS SET ACCOUNT_NUMBER =#accountNumber#,
		EDI_CODE=#eDICode#, OVERRIDE_PRODUCT =#balanceSheet#, INACTIVE=
		#active#
		WHERE REASON_CODE =#chargebackReason#
	</update>
	<delete id="deleteReasonDetails" parameterClass="Map">
		delete FROM
		${db.schema.name}.CBK_REASONS where REASON_CODE=#chargebackReason#
	</delete>
	<select id="getReasonDetails" parameterClass="Map"
		resultMap="reasonDetails-result">
		SELECT a.REASON_CODE chargebackReason, a.ACCOUNT_NUMBER accountNumber,
		a.EDI_CODE eDICode,OVERRIDE_PRODUCT balanceSheet,INACTIVE active FROM
		${db.schema.name}.CBK_REASONS a
		WHERE
		<isNotEmpty property="chargebackReason">
			a.REASON_CODE LIKE #chargebackReason#
		</isNotEmpty>
	</select>
	<select id="getAllRoles" resultMap="role-results">
		SELECT c.ROLE_ID
		roleId,c.ROLE_DESC role FROM ${db.schema.name}.CBK_ROLES c
	</select>
	<!-- AuthorizationByType -->
	<select id="getAllTypes" resultMap="getAllTypes-result">
		SELECT a.TYPE_ID
		typeId,a.TYPE_DESCRIPTION typeName from ${db.schema.name}.CBK_TYPE a
	</select>

	<insert id="InsertAmountType" parameterClass="Map">
		INSERT INTO
		${db.schema.name}.CBK_ROLE_AUTHORIZATION
		(ROLE_ID,TYPE_ID, MAX_AMOUNT)
		VALUES (#roleId#,#typeId#,#maxAmount#)
	</insert>

	<select id="getAuthTypeDetails" parameterClass="Map"
		resultMap="AuthTypeDetails-result">
		select DISTINCT t.ROLE_DESC role,t.ROLE_ID roleId, a.MAX_AMOUNT
		maxAmount FROM ${db.schema.name}.CBK_ROLES t,
		${db.schema.name}.cbk_role_authorization a,
		${db.schema.name}.CBK_TYPE
		r WHERE t.ROLE_ID = a.ROLE_ID AND a.TYPE_ID =
		r.TYPE_ID AND
		r.TYPE_ID
		=#typeId#
		<!-- <isNotEmpty property="typeId" prepend="AND"> r.TYPE_ID = #typeId# 
			</isNotEmpty> -->
	</select>
	<select id="getEditType" parameterClass="Map"
		resultMap="getEditType-result">
		select DISTINCT t.ROLE_DESC role,t.ROLE_ID roleId,
		a.MAX_AMOUNT
		maxAmount,a.TYPE_ID typeId FROM
		${db.schema.name}.CBK_ROLES t,
		${db.schema.name}.cbk_role_authorization a WHERE t.ROLE_ID = a.ROLE_ID
		AND
		t.ROLE_ID = #roleId# and a.TYPE_ID =#typeId#
	</select>

	<update id="updateAmountType" parameterClass="Map">
		UPDATE
		${db.schema.name}.cbk_role_authorization
		SET MAX_AMOUNT =#maxAmount#
		WHERE ROLE_ID =#roleId# and TYPE_ID =#typeId#
	</update>

	<delete id="deleteByTypeDetails" parameterClass="Map">
		DELETE FROM
		${db.schema.name}.CBK_role_authorization
		WHERE <!-- LTRIM(ROLE_ID)= 
			'1' AND -->
		LTRIM(ROLE_ID) = #roleId#
	</delete>


</sqlMap>