<?xml version="1.0" encoding="UTF-8"?>
<!DOCTYPE sqlMap PUBLIC "-//ibatis.apache.org//DTD SQL Map 2.0//EN" "sql-map-2.dtd">

<sqlMap namespace="ChargebackCommon"> 

	<!-- Aliases for Java primitive wrapper objects -->
    <typeAlias alias="Integer" type="java.lang.Integer"/>
    <typeAlias alias="String" type="java.lang.String"/>
    <typeAlias alias="Map" type="java.util.Map"/>
    <typeAlias alias="List" type="java.util.List"/>

	<!-- Aliases for business objects -->
  
    <typeAlias alias="VendorBO" type="com.unfi.cbk.bo.VendorBO"/>
    <typeAlias alias="LocationBO" type="com.unfi.cbk.bo.LocationBO"/>
	<typeAlias alias="originatorBO" type="com.unfi.cbk.bo.OriginatorBO"/>
	<typeAlias alias="nextApproverBO" type="com.unfi.cbk.bo.NextApproverBO"/>
	 <typeAlias alias="ParentSearchBO" type="com.unfi.cbk.bo.ParentSearchBO"/>
        	
    <!-- Cache models -->
    <cacheModel id="common-cache" type="LRU">
    	<flushInterval hours="1" />
		<property name="size" value="100" />
    </cacheModel>
    
 	<resultMap id="parentSearch-result" class="ParentSearchBO">
		<result property="parentNumber" column="parentNumber" />
		<result property="parentName" column="parentName" />
	</resultMap>
  
	<resultMap id="vendorSearch-result" class="VendorBO">
		<result property="vendorId" column="vendorNumber" />
		<result property="vendorName" column="vendorName" />
		<!-- <result property="remitAddress" column="remitAddress1" /> -->
	</resultMap>
	
	<resultMap id="locationSearch-result" class="LocationBO">
		<result property="locationNumber" column="locationNumber" />
		<result property="locationName" column="locationName" />
	</resultMap>
	
	<resultMap id="originatorSearch-result" class="OriginatorBO">
		<result property="userId" column="userId" />
		<result property="userName" column="userName" />
	</resultMap>
	
	<resultMap id="nextApproverSearch-result" class="NextApproverBO">
		<result property="userId" column="userId" />
		<result property="userName" column="userName" />
	</resultMap>
  	<!-- SQL -->
	
	<select id="doVendorSearch" parameterClass="Map" resultMap="vendorSearch-result">
		SELECT   m.vendor_vname vendorName,  LTRIM(m.vendor) vendorNumber
		FROM     ${db.schema.name}.apvenmast_v m
		WHERE    m.vendor_status = 'A'
		<isNotEmpty property="vendorNumber">
				AND m.vendor like  ('%' || #vendorNumber# || '%')
		</isNotEmpty>
		<isNotEmpty property="vendorName">
		         AND UPPER(m.vendor_vname) LIKE UPPER ('%$vendorName$%')
		</isNotEmpty>
		ORDER BY vendorName ASC
	</select>
	
	<select id="doLocationSearch" parameterClass="Map" resultMap="locationSearch-result">
	
		SELECT DISTINCT v.r_name locationName,
		LTRIM(l.location_number) locationNumber
		FROM  ${db.schema.name}.APPROCLEV_V v,
			  ${db.schema.name}.CBK_LOC_REGION l 
		WHERE v.PROC_LEVEL=l.LOCATION_NUMBER
		<isNotEmpty property="locationNumber">
		         AND LTRIM(l.location_number) LIKE ('%$locationNumber$%')
		</isNotEmpty>
		<isNotEmpty property="locationName">
		         AND UPPER(v.r_name) LIKE UPPER ('%$locationName$%')
		</isNotEmpty>
		ORDER BY locationName ASC
	</select>
	
	
	<select id="doOriginatorSearch" parameterClass="Map" resultMap="originatorSearch-result">
	
		SELECT DISTINCT a.approver_id userId, a.approver_name userName
		FROM  ${db.schema.name}.CBK_APPROVER a 
		WHERE a.APPROVER_STATUS='A' 
		<isNotEmpty property="userId">
			  AND UPPER(a.approver_id) LIKE UPPER('%' || #userId# || '%') 
		 <!--      AND  a.approver_id LIKE ('%$userId$%') -->
		</isNotEmpty>
		<isNotEmpty property="userName">
		      AND   UPPER(a.approver_name) LIKE ('%$userName$%')
		</isNotEmpty>
		ORDER BY userName ASC
	</select>
	
	
	
	<select id="doNextApproverSearch" parameterClass="Map" resultMap="nextApproverSearch-result">

		SELECT DISTINCT a.approver_id userId, a.approver_name userName
   		FROM  ${db.schema.name}.CBK_CHARGEBACK c ,
			  ${db.schema.name}.CBK_APPROVER a 
		WHERE c.NEXT_APPROVER_ID = a.APPROVER_ID AND c.NEXT_APPROVER_ID IS NOT NULL
		<isNotEmpty property="userId">
		    <!--   AND  a.approver_id LIKE ('%$userId$%') -->
		      AND UPPER(a.approver_id) LIKE UPPER('%' || #userId# || '%') 
		</isNotEmpty>
		<isNotEmpty property="userName">
		      AND   UPPER(a.approver_name) LIKE ('%$userName$%')
		</isNotEmpty>
		ORDER BY userName ASC
	</select>
	
	<select id="doParentSearch" parameterClass="Map" resultMap="parentSearch-result">
	
		SELECT DISTINCT v.r_name parentName,
		LTRIM(l.region_number) parentNumber
		FROM  ${db.schema.name}.APPROCLEV_V v,
			  ${db.schema.name}.CBK_LOC_REGION l 
		WHERE v.PROC_LEVEL=l.REGION_NUMBER
		<isNotEmpty property="parentNumber">
		         AND LTRIM(l.region_number) LIKE ('%$parentNumber$%')
		</isNotEmpty>
		<isNotEmpty property="parentName">
		         AND UPPER(v.r_name) LIKE UPPER ('%$parentName$%')
		</isNotEmpty>
		ORDER BY parentName ASC
	</select>
	
	
	
	

	
</sqlMap>