<?xml version="1.0" encoding="UTF-8"?>
<!DOCTYPE sqlMap PUBLIC "-//ibatis.apache.org//DTD SQL Map 2.0//EN" "sql-map-2.dtd">

<sqlMap namespace="ChargebackReport">

	<!-- Aliases for Java primitive wrapper objects -->
	<typeAlias alias="Integer" type="java.lang.Integer" />
	<typeAlias alias="String" type="java.lang.String" />
	<typeAlias alias="Map" type="java.util.Map" />

	<typeAlias alias="ChargebackReportBO"
		type="com.unfi.cbk.bo.ChargebackReportBO" />

	

	<!-- Result mappings -->

	<!-- Audit Details -->
	<resultMap id="reason-result" class="ChargebackReportBO">
		<result property="reasonCode" column="reasonCode" />
		
	</resultMap>

	


	<!-- Cache models -->
	<cacheModel id="count-cache" type="LRU">
		<flushInterval minutes="10" />
		<property name="size" value="100" />
	</cacheModel>

	<!-- SQL -->

	<select id="getReasonCode" resultMap="reason-result">
		SELECT REASON_CODE reasonCode
		 FROM ${db.schema.name}.CBK_REASONS
		
	</select>


</sqlMap>