<?xml version="1.0" encoding="UTF-8"?>
<!DOCTYPE sqlMap PUBLIC "-//ibatis.apache.org//DTD SQL Map 2.0//EN" "sql-map-2.dtd">

<sqlMap namespace="ChargebackExport">

	<!-- Aliases for Java primitive wrapper objects -->
	<typeAlias alias="Integer" type="java.lang.Integer" />
	<typeAlias alias="String" type="java.lang.String" />
	<typeAlias alias="Map" type="java.util.Map" />

	<typeAlias alias="ChargebackExportBO"
		type="com.unfi.cbk.bo.ChargebackExportBO" />

	<typeAlias alias="ExportResultsBO"
		type="com.unfi.cbk.bo.ExportResultsBO" />

	<typeAlias alias="ChargebackBO"
		type="com.unfi.cbk.bo.ChargebackBO" />

	<!-- Result mappings -->

	<!-- Audit Details -->
	<resultMap id="typeAmount-results" class="ExportResultsBO">
		<result property="typeName" column="typeName" />
		<result property="exportedAmount" column="exportedAmount" />
		
	</resultMap>
	<resultMap id="exportId-results" class="ExportResultsBO">
		<result property="exportedId" column="exportedId" />
		
		
	</resultMap>

	<!-- Result mappings -->
	<resultMap id="previewExportResults-results"
		class="ChargebackExportBO">
		<result property="invoiceNumber" column="invoiceNumber" />
		<result property="locationNumber" column="locationNumber" />
		<result property="exportedAmount" column="exportedAmount" />

	</resultMap>

	<!-- Aged Chargeback Report -->
	<resultMap id="agedChargebackReport-results"
		class="ChargebackExportBO">
		<result property="invoiceNumber" column="invoiceNumber" />
		<result property="locationNumber" column="locationNumber" />
		<result property="invoiceDate" column="invoiceDate" />
		<result property="typeName" column="typeName" />
		<result property="vendorId" column="vendorId" />
		<result property="nextApprover" column="nextApprover" />
		<result property="originator" column="originator" />
		<result property="exportedAmount" column="exportedAmount" />
		<!-- <result property="exportedDate" column="exportedDate" /> -->
	</resultMap>



	<!-- update Due date -->
	<resultMap id="updateDuedate-results"
		class="ChargebackExportBO">
		<result property="invoiceNumber" column="invoiceNumber" />
		<result property="locationNumber" column="locationNumber" />
		<result property="oldDueDate" column="oldDueDate" />
		<result property="updatedDueDate" column="updatedDueDate" />
		<result property="vendorId" column="vendorId" />
		<result property="lastApprovalDate" column="lastApprovalDate" />
		<result property="updateDetailValue" column="updateDetailValue" />

	</resultMap>


	<!-- Cache models -->
	<cacheModel id="count-cache" type="LRU">
		<flushInterval minutes="10" />
		<property name="size" value="100" />
	</cacheModel>

	<!-- SQL -->

	<!-- AuditDetails -->

	<select id="getTypeAmount" parameterClass="Map"
		resultMap="typeAmount-results">
		SELECT TYPE_DESCRIPTION typeName,  SUM(EXPORTED_AMOUNT * DECODE(CREDIT,
		-1, -1, 1)) As exportedAmount
		FROM ${db.schema.name}.CBK_CHARGEBACK A, ${db.schema.name}.CBK_AUDIT B, ${db.schema.name}.CBK_Type C, (SELECT
		DISTINCT LOCATION_NUMBER
		FROM ${db.schema.name}.CBK_APPROVER_ROLES WHERE APPROVER_ID = #exportedId#) D
		WHERE A.INVOICE_NUMBER = B.INVOICE_NUMBER AND A.LOCATION_NUMBER =
		B.LOCATION_NUMBER AND
		A.TYPE_ID = C.TYPE_ID AND
		SUBSTR(A.LOCATION_NUMBER, 1, 2) = D.LOCATION_NUMBER
		
		<isNotEmpty property="locationNumber">
			AND A.LOCATION_NUMBER
			LIKE #locationNumber#
		</isNotEmpty>
		<isNotEmpty property="date">
			AND TRUNC(EXPORTED_DATE) LIKE
			TO_DATE(#date#,'dd-MON-yy')
		</isNotEmpty>

		Group BY TYPE_DESCRIPTION, A.TYPE_ID,TRUNC(EXPORTED_DATE)
	</select>
		<select id="getExportId" parameterClass="Map"
		 resultMap="exportId-results">
		
		SELECT DISTINCT EXPORTER_ID exportedId from ${db.schema.name}.cbk_audit where TRUNC(EXPORTED_DATE) = #date#
		
		</select>



	<select id="previewExportResults"
		resultMap="previewExportResults-results">

		select invoice_number invoiceNumber,location_number
		locationNumber,amount
		exportedAmount from
		${db.schema.name}.CBK_AVAILABLE_EXPORTS_V order by
		invoice_number
	</select>

	<sql id="query_agedChargebackReportList">
		
		<![CDATA[ 
		   ( SELECT rownum rowCount, aged.* FROM (    
		SELECT cb.INVOICE_NUMBER invoiceNumber, cb.location_number
		locationNumber, cb.INVOICE_DATE invoiceDate, ct.TYPE_DESCRIPTION
		typeName, cb.VENDOR_NUMBER vendorId, ca.approver_name originator, 
		ca1.approver_name nextApprover, Sum(ci.Item_Price*ci.Item_Quantity) exportedAmount
		FROM ${db.schema.name}.CBK_CHARGEBACK cb, ${db.schema.name}.CBK_TYPE ct, ${db.schema.name}.CBK_ITEM ci, ${db.schema.name}.cbk_approver ca, ${db.schema.name}.cbk_approver ca1
		WHERE (((cb.invoice_date)>=  #fromDate#) And
		((cb.invoice_date)<=#toDate#) And ((cb.exported) Is Null) And
		((cb.CANCELLED) Is Null) And ((cb.TYPE_ID)=ct.TYPE_ID) And
		((cb.INVOICE_NUMBER)=ci.INVOICE_NUMBER) And
		((cb.creator_id)=ca.approver_id) And
		((cb.next_approver_id)=ca1.approver_id))
		GROUP BY cb.INVOICE_NUMBER, cb.location_number, cb.INVOICE_DATE,
		ct.TYPE_DESCRIPTION, cb.VENDOR_NUMBER, cb.creator_id,
		ca.approver_name, cb.next_approver_id, ca1.approver_name
		) aged)aged2                                                                        
	 ]]>

	</sql>




	<select id="agedChargebackReportShowAll" parameterClass="Map"
		resultMap="agedChargebackReport-results">
		
		<![CDATA[ 
			
			SELECT * FROM (  ( SELECT rownum rowCount, aged.* FROM (    
		SELECT cb.INVOICE_NUMBER invoiceNumber, cb.location_number
		locationNumber, cb.INVOICE_DATE invoiceDate, ct.TYPE_DESCRIPTION
		typeName, cb.VENDOR_NUMBER vendorId, ca.approver_name originator, 
		ca1.approver_name nextApprover, Sum(ci.Item_Price*ci.Item_Quantity) exportedAmount
		FROM ${db.schema.name}.CBK_CHARGEBACK cb, ${db.schema.name}.CBK_TYPE ct, ${db.schema.name}.CBK_ITEM ci, ${db.schema.name}.cbk_approver ca, ${db.schema.name}.cbk_approver ca1
		WHERE (((cb.invoice_date)>=  #fromDate#) And
		((cb.invoice_date)<=#toDate#) And ((cb.exported) Is Null) And
		((cb.CANCELLED) Is Null) And ((cb.TYPE_ID)=ct.TYPE_ID) And
		((cb.INVOICE_NUMBER)=ci.INVOICE_NUMBER) And
		((cb.creator_id)=ca.approver_id) And
		((cb.next_approver_id)=ca1.approver_id))
		GROUP BY cb.INVOICE_NUMBER, cb.location_number, cb.INVOICE_DATE,
		ct.TYPE_DESCRIPTION, cb.VENDOR_NUMBER, cb.creator_id,
		ca.approver_name, cb.next_approver_id, ca1.approver_name
		) aged)aged2  )                                                                      
	 ]]>

	</select>








	<select id="agedChargebackReport" parameterClass="Map"
		resultMap="agedChargebackReport-results">
		<include refid="IncludesOracle.startOf_rowLimit" />
		<include refid="query_agedChargebackReportList" />
		<isNotEmpty property="sortBy">
			ORDER BY $sortBy$ $sortOrder$
		</isNotEmpty>
		<include refid="IncludesOracle.endOf_rowLimit_rowCount" />
	</select>
	<select id="agedChargebackReportCount" parameterClass="Map"
		resultClass="Integer" cacheModel="count-cache">
		<include refid="IncludesOracle.count_start" />
		<include refid="query_agedChargebackReportList" />
		<include refid="IncludesOracle.count_end" />
	</select>

	<select id="updateDuedate" resultMap="updateDuedate-results">
		
		<![CDATA[ 
		
		SELECT CBK_CHARGEBACK.INVOICE_NUMBER invoiceNumber, CBK_CHARGEBACK.LOCATION_NUMBER locationNumber, CBK_CHARGEBACK.DUE_DATE oldDueDate, Max(CBK_APPROVALS.APPROVAL_DATE) + SUBSTR(LUPTBLDTL_V.DTL_VALUE,-4) updatedDueDate, CBK_CHARGEBACK.VENDOR_NUMBER vendorId, Max(CBK_APPROVALS.APPROVAL_DATE) AS lastApprovalDate, 
		LUPTBLDTL_V.DTL_VALUE updateDetailValue FROM ((${db.schema.name}.CBK_CHARGEBACK INNER JOIN ${db.schema.name}.CBK_APPROVALS ON (CBK_CHARGEBACK.INVOICE_NUMBER = CBK_APPROVALS.INVOICE_NUMBER) 
		AND (CBK_CHARGEBACK.LOCATION_NUMBER = CBK_APPROVALS.LOCATION_NUMBER)) INNER JOIN ${db.schema.name}.CBK_AVAILABLE_EXPORTS_v ON (CBK_CHARGEBACK.LOCATION_NUMBER = CBK_AVAILABLE_exports_v.LOCATION_NUMBER) 
		AND (CBK_CHARGEBACK.INVOICE_NUMBER = CBK_AVAILABLE_exports_v.INVOICE_NUMBER)) INNER JOIN ${db.schema.name}.LUPTBLDTL_V ON CBK_CHARGEBACK.VENDOR_NUMBER = LUPTBLDTL_V.DTL_KEY
		WHERE ( DTL_VALUE like 'Days to add to system date%' and CBK_CHARGEBACK.Type_id in (1,5,7))
		GROUP BY CBK_CHARGEBACK.INVOICE_NUMBER, CBK_CHARGEBACK.LOCATION_NUMBER, CBK_CHARGEBACK.DUE_DATE, CBK_CHARGEBACK.VENDOR_NUMBER, LUPTBLDTL_V.DTL_VALUE order by CBK_CHARGEBACK.INVOICE_NUMBER
	 ]]>

	</select>

	<update id="updateChargebackDueDate"
		parameterClass="ChargebackBO">
		UPDATE ${db.schema.name}.CBK_CHARGEBACK
		SET DUE_DATE =
		#lastApprovalDate:DATE# + #daysToAdd:VARCHAR#
		WHERE
		LTRIM(INVOICE_NUMBER) = #invoiceNumber:VARCHAR#
	</update>


	<!-- Start of export process queries -->

	<insert id="insertExpType">
		INSERT INTO
		${db.schema.name}.EXPTYPE
		SELECT CBK_TYPE.*
		FROM
		${db.schema.name}.CBK_TYPE
	</insert>

	<insert id="insertExpReasons">
		INSERT INTO
		${db.schema.name}.EXPREASONS
		SELECT
		CBK_REASONS.*
		FROM ${db.schema.name}.CBK_REASONS
	</insert>

	<insert id="insertExpAvailableExports">
		INSERT INTO ${db.schema.name}.EXPAVAILABLEEXPORTS
		SELECT
		CBK_AVAILABLE_EXPORTS.*
		FROM
		${db.schema.name}.CBK_AVAILABLE_EXPORTS
	</insert>

	<insert id="insertExpChargeback">
		INSERT INTO ${db.schema.name}.EXPCHARGEBACK
		SELECT
		CBK_CHARGEBACK.*
		FROM ${db.schema.name}.CBK_CHARGEBACK INNER
		${db.schema.name}.JOIN
		CBK_AVAILABLE_EXPORTS
		ON
		(CBK_CHARGEBACK.LOCATION_NUMBER=CBK_AVAILABLE_EXPORTS.LOCATION_NUMBER)
		AND
		(CBK_CHARGEBACK.INVOICE_NUMBER=CBK_AVAILABLE_EXPORTS.INVOICE_NUMBER
	</insert>

	<insert id="insertExpDistribution">
		INSERT INTO ${db.schema.name}.EXPDISTRIBUTION
		SELECT
		CBK_DISTRIBUTION.*
		FROM ${db.schema.name}.CBK_AVAILABLE_EXPORTS INNER
		JOIN
		${db.schema.name}.CBK_DISTRIBUTION ON
		(CBK_AVAILABLE_EXPORTS.LOCATION_NUMBER=CBK_DISTRIBUTION.LOCATION_NUMBER)
		AND
		(CBK_AVAILABLE_EXPORTS.INVOICE_NUMBER=CBK_DISTRIBUTION.INVOICE_NUMBER)

	</insert>

	<insert id="insertExpItem">
		INSERT INTO ${db.schema.name}.EXPITEM (
		INVOICE_NUMBER,
		LOCATION_NUMBER, LINE_NUMBER, ITEM_NUMBER, ITEM_PACK,
		ITEM_SIZE,
		ITEM_DESCRIPTION, ITEM_UPC, ITEM_SLOT, ITEM_QUANTITY,
		ITEM_PRICE,
		PRODUCT_CODE, DC_NUMBER, REGION, DIVISION, SUBFUND )
		SELECT
		CA.INVOICE_NUMBER, CA.LOCATION_NUMBER, CI.LINE_NUMBER,
		CI.ITEM_NUMBER,
		CI.ITEM_PACK, CI.ITEM_SIZE, CI.ITEM_DESCRIPTION,
		CI.ITEM_UPC,
		CI.ITEM_SLOT, CI.ITEM_QUANTITY, CI.ITEM_PRICE,
		CI.PRODUCT_CODE,
		CI.DC_NUMBER, CI.REGION, CI.DIVISION, CI.SUBFUND
		FROM
		${db.schema.name}.CBK_AVAILABLE_EXPORTS AS CA INNER JOIN
		${db.schema.name}.CBK_ITEM AS CI
		ON
		(CA.INVOICE_NUMBER=CI.INVOICE_NUMBER) AND
		(CA.LOCATION_NUMBER=CI.LOCATION_NUMBER)
	</insert>

	<insert id="insertExpApprovals">
		INSERT INTO ${db.schema.name}.EXPAPPROVALS (
		INVOICE_NUMBER,
		LOCATION_NUMBER, STEP_NUMBER, APPROVER_ID,
		APPROVAL_DATE )
		SELECT
		CA.INVOICE_NUMBER, CA.LOCATION_NUMBER,
		CAP.STEP_NUMBER,
		CAP.APPROVER_ID, CAP.APPROVAL_DATE
		FROM
		${db.schema.name}.CBK_AVAILABLE_EXPORTS
		AS CA INNER JOIN
		${db.schema.name}.CBK_APPROVALS AS CAP ON
		(CA.LOCATION_NUMBER=CAP.LOCATION_NUMBER) AND
		(CA.INVOICE_NUMBER=CAP.INVOICE_NUMBER)
	</insert>

	<insert id="insertExpDistRecords">
	<![CDATA[ 
		INSERT INTO ${db.schema.name}.EXPDISTRECORDS ( COMPANY_CODE,
		ACCOUNT_NUMBER, DISTRIBUTION_AMOUNT, DIST_LOC_NUMBER, PRODUCT_GROUP,
		INVOICE_NUMBER, LOCATION_NUMBER, DUE_DATE, INVOICE_DATE,
		VENDOR_INVOICE, VENDOR_NUMBER, ATTACHMENT, TYPE_ID, CREATOR_ID,
		BARCODE, SHORT_DESC, EXPORTED, CANCELLED, NEXT_APPROVER_ID,
		INTERNET_INSTRUCTION, ReasonCode, RefNum, ProdCode )
		SELECT EXPDISTRIBUTION.COMPANY_CODE, EXPDISTRIBUTION.ACCOUNT_NUMBER,
		EXPDISTRIBUTION.DISTRIBUTION_AMOUNT, EXPDISTRIBUTION.DIST_LOC_NUMBER,
		EXPDISTRIBUTION.PRODUCT_GROUP, EXPCHARGEBACK.INVOICE_NUMBER,
		EXPCHARGEBACK.LOCATION_NUMBER, EXPCHARGEBACK.DUE_DATE,
		EXPCHARGEBACK.INVOICE_DATE, EXPCHARGEBACK.VENDOR_INVOICE,
		EXPCHARGEBACK.VENDOR_NUMBER, EXPCHARGEBACK.ATTACHMENT,
		EXPCHARGEBACK.TYPE_ID, NVL(APPROVER_ID,CREATOR_ID) AS Expr1,
		EXPCHARGEBACK.BARCODE, EXPCHARGEBACK.SHORT_DESC,
		EXPCHARGEBACK.EXPORTED, EXPCHARGEBACK.CANCELLED,
		EXPCHARGEBACK.NEXT_APPROVER_ID, EXPCHARGEBACK.INTERNET_INSTRUCTION,
		EXPCHARGEBACK.REASON_CODE, EXPCHARGEBACK.REFERENCE_NUMBER,
		EXPCHARGEBACK.PRODUCT_GROUP_CODE
		FROM (${db.schema.name}.EXPAVAILABLEEXPORTS INNER JOIN ((${db.schema.name}.EXPDISTRIBUTION
		INNER JOIN ${db.schema.name}.EXPCHARGEBACK ON
		(EXPDISTRIBUTION.INVOICE_NUMBER=EXPCHARGEBACK.INVOICE_NUMBER) AND
		(EXPDISTRIBUTION.LOCATION_NUMBER=EXPCHARGEBACK.LOCATION_NUMBER)) INNER
		JOIN ${db.schema.name}.EXPTYPE ON EXPCHARGEBACK.TYPE_ID=EXPTYPE.TYPE_ID) ON
		(EXPAVAILABLEEXPORTS.LOCATION_NUMBER=EXPCHARGEBACK.LOCATION_NUMBER)
		AND (EXPAVAILABLEEXPORTS.INVOICE_NUMBER=EXPCHARGEBACK.INVOICE_NUMBER))
		LEFT JOIN ${db.schema.name}.CBK_APPROVER ON
		EXPCHARGEBACK.CREATOR_ID=CBK_APPROVER.APPROVER_ID
		WHERE (((EXPDISTRIBUTION.DISTRIBUTION_AMOUNT)<>0) AND
		((EXPTYPE.UPLOAD_AP)='-1')) 

	]]>
	</insert>

	<insert id="insertExpDetail">
	<![CDATA[ 
		INSERT INTO ${db.schema.name}.EXPDETAIL_TEMP( ITEM_NUMBER, ITEM_PACK, ITEM_SIZE, ITEM_DESCRIPTION, ITEM_UPC, ITEM_SLOT, ITEM_QUANTITY, ITEM_PRICE, INVOICE_NUMBER, LOCATION_NUMBER, DUE_DATE, INVOICE_DATE, 
			VENDOR_INVOICE, VENDOR_NUMBER, ATTACHMENT, TYPE_ID, CREATOR_ID, BARCODE, SHORT_DESC, EXPORTED, CANCELLED, NEXT_APPROVER_ID, INTERNET_INSTRUCTION, REFNUM )
			SELECT EXPITEM.ITEM_NUMBER, EXPITEM.ITEM_PACK, EXPITEM.ITEM_SIZE, EXPITEM.ITEM_DESCRIPTION, EXPITEM.ITEM_UPC, EXPITEM.ITEM_SLOT, EXPITEM.ITEM_QUANTITY, EXPITEM.ITEM_PRICE, 
			EXPCHARGEBACK.INVOICE_NUMBER, EXPCHARGEBACK.LOCATION_NUMBER, EXPCHARGEBACK.DUE_DATE, EXPCHARGEBACK.INVOICE_DATE, EXPCHARGEBACK.VENDOR_INVOICE, EXPCHARGEBACK.VENDOR_NUMBER,
			EXPCHARGEBACK.ATTACHMENT, EXPCHARGEBACK.TYPE_ID, NVL(Approver_Name,CREATOR_ID) AS Expr1, EXPCHARGEBACK.BARCODE, EXPCHARGEBACK.SHORT_DESC, EXPCHARGEBACK.EXPORTED,
			EXPCHARGEBACK.CANCELLED, EXPCHARGEBACK.NEXT_APPROVER_ID, EXPCHARGEBACK.INTERNET_INSTRUCTION, EXPCHARGEBACK.REFERENCE_NUMBER
			FROM (${db.schema.name}.EXPAVAILABLEEXPORTS INNER JOIN ((${db.schema.name}.EXPCHARGEBACK INNER JOIN ${db.schema.name}.EXPITEM 
			ON (EXPCHARGEBACK.INVOICE_NUMBER = EXPITEM.INVOICE_NUMBER) AND (EXPCHARGEBACK.LOCATION_NUMBER = EXPITEM.LOCATION_NUMBER)) 
			INNER JOIN ${db.schema.name}.EXPTYPE ON EXPCHARGEBACK.TYPE_ID = EXPTYPE.TYPE_ID) ON (EXPAVAILABLEEXPORTS.INVOICE_NUMBER = EXPCHARGEBACK.INVOICE_NUMBER) 
			AND (EXPAVAILABLEEXPORTS.LOCATION_NUMBER = EXPCHARGEBACK.LOCATION_NUMBER)) LEFT JOIN ${db.schema.name}.CBK_APPROVER ON EXPCHARGEBACK.CREATOR_ID = ${db.schema.name}.CBK_APPROVER.APPROVER_ID
			WHERE (((EXPTYPE.UPLOAD_AP)='-1') AND ((EXPTYPE.VENDOR_REQUIRED)='-1'))

	]]>
	</insert>

	<insert id="insertExpNotExported">
	<![CDATA[ 
		INSERT INTO ${db.schema.name}.EXPNOTEXPORTED ( INVOICE_NUMBER, LOCATION_NUMBER, TotalAmount )
			SELECT EXPDISTRECORDS.INVOICE_NUMBER, EXPDISTRECORDS.LOCATION_NUMBER, Sum(EXPDISTRECORDS.DISTRIBUTION_AMOUNT) AS SumOfDISTRIBUTION_AMOUNT
			FROM ${db.schema.name}.EXPDISTRECORDS INNER JOIN ${db.schema.name}.EXPTYPE ON EXPDISTRECORDS.TYPE_ID = EXPTYPE.TYPE_ID
			GROUP BY EXPDISTRECORDS.INVOICE_NUMBER, EXPDISTRECORDS.LOCATION_NUMBER, EXPTYPE.UPLOAD_AP
			HAVING((EXPTYPE.UPLOAD_AP)='-1')
	]]>
	</insert>

	<insert id="insertCvdDistExport">
	<![CDATA[ 
		INSERT INTO ${db.schema.name}.EXPCVDDISTEXPORT( CVD-Dis-Acct-Unit, CVD-Dis-Account, CVD-Vendor, CVD-Invoice, CVD-Orig-Tran-Amount )
			SELECT TO_CHAR(DIST_LOC_NUMBER,'000000') || TO_CHAR(PRODUCT_GROUP,'000') AS AcctUnit,
			TO_CHAR(Account_Number,'000000') AS DistAcct,
			Case When LENGTH(Vendor_Number) > 7   THEN 	SUBSTR(Vendor_Number,1,7) Else (VENDOR_NUMBER) END As Vend,
			INVOICE_NUMBER AS Inv,
			Case When CREDIT > 0  THEN 	'+' Else '-' END || TO_CHAR((Distribution_Amount),'Fixed') AS InvAmt
			FROM ${db.schema.name}.EXPTYPE INNER JOIN ${db.schema.name}.EXPDISTRECORDS ON EXPTYPE.TYPE_ID = EXPDISTRECORDS.TYPE_ID
			WHERE (((EXPTYPE.UPLOAD_AP)='-1'))
			ORDER BY EXPDISTRECORDS.VENDOR_NUMBER, EXPDISTRECORDS.INVOICE_NUMBER
	]]>
	</insert>

	<update id="updateChargebackExportorNot" parameterClass="String">
		UPDATE
		${db.schema.name}.CBK_CHARGEBACK INNER JOIN
		${db.schema.name}.EXPNOTEXPORTED ON
		(CBK_CHARGEBACK.INVOICE_NUMBER=${db.schema.name}.EXPNOTEXPORTED.INVOICE_NUMBER)
		AND
		(CBK_CHARGEBACK.LOCATION_NUMBER=${db.schema.name}.EXPNOTEXPORTED.LOCATION_NUMBER)
		SET CBK_CHARGEBACK.EXPORTED = #exportedStatus#

	</update>


	<delete id="deleteExpType">
		DELETE FROM ${db.schema.name}.EXPTYPE
	</delete>

	<delete id="deleteExpReasons">
		DELETE FROM ${db.schema.name}.EXPREASONS
	</delete>

	<delete id="deleteExpAvailableExports">
		DELETE FROM ${db.schema.name}.EXPAVAILABLEEXPORTS
	</delete>

	<delete id="deleteExpChargeback">
		DELETE FROM ${db.schema.name}.EXPCHARGEBACK
	</delete>

	<delete id="deleteExpDistribution">
		DELETE FROM ${db.schema.name}.EXPDISTRIBUTION
	</delete>
	<delete id="deleteExpItem">
		DELETE FROM ${db.schema.name}.EXPITEM
	</delete>

	<delete id="deleteExpApprovals">
		DELETE FROM ${db.schema.name}.EXPAPPROVALS
	</delete>

	<delete id="deleteExpDistRecords">
		DELETE FROM ${db.schema.name}.EXPDISTRECORDS
	</delete>

	<delete id="deleteExpDetail">
		DELETE FROM ${db.schema.name}.EXPDETAIL_TEMP
	</delete>

	<delete id="deleteExpNotExported">
		DELETE FROM ${db.schema.name}.EXPNOTEXPORTED
	</delete>

	<delete id="deleteExpCviInvExport">
		DELETE FROM ${db.schema.name}.EXPCVIINVEXPORT
	</delete>

	<delete id="deleteExpFundsRecords">
		DELETE FROM ${db.schema.name}.EXPFUNDSRECORDS
	</delete>










</sqlMap>