<?xml version="1.0" encoding="UTF-8"?>
<!DOCTYPE sqlMap PUBLIC "-//ibatis.apache.org//DTD SQL Map 2.0//EN" "sql-map-2.dtd">

<sqlMap namespace="IncludesOracle">  
	
    <sql id="rowLimiting_startend">
    	<isNotEmpty property="rowEnd" prepend="AND">
	        rownum BETWEEN #rowStart# AND #rowEnd#
	     </isNotEmpty>	
    </sql>
    
    <sql id="count_start">
        SELECT COUNT(*) FROM ( 
	</sql>
	
    <sql id="count_end">
	    )
    </sql>    
    
     <sql id="stratOf_rowLimit">
    	<isNotEqual property="showAll" compareValue="true">
	    	<isNotEmpty property="rowStart">
	    		<isNotEmpty property="rowEnd">
	    			SELECT * FROM (
	    		</isNotEmpty>    	
	    	</isNotEmpty>
	    </isNotEqual>
    </sql>
    
    <sql id="endOf_rowLimit">
    	<isNotEqual property="showAll" compareValue="true">
	    	<isNotEmpty property="rowStart">
	    		<isNotEmpty property="rowEnd">
	    			) WHERE rownum BETWEEN #rowStart# AND #rowEnd#
	    		</isNotEmpty>    	
	    	</isNotEmpty> 
    	</isNotEqual>   	
    </sql>   
    <sql id="query_orderBy">
		<isNotEmpty property="sortBy">
			ORDER BY $sortBy$ $sortOrder$
		</isNotEmpty>		
	</sql> 
	
    <sql id="endOf_rowLimit_rowCount">
        <isNotEqual property="showAll" compareValue="true">
            <isNotEmpty property="rowStart">
                <isNotEmpty property="rowEnd">
                    ) WHERE rowCount BETWEEN #rowStart# AND #rowEnd#
                </isNotEmpty>       
            </isNotEmpty>
        </isNotEqual>      
    </sql>
    
    <sql id="startOf_rowLimit">
    	<isNotEqual property="showAll" compareValue="true">
	    	<isNotEmpty property="rowStart">
	    		<isNotEmpty property="rowEnd">
	    			SELECT * FROM (
	    		</isNotEmpty>    	
	    	</isNotEmpty>
	    </isNotEqual>
    </sql>
	
  
</sqlMap>